ID,Trang phục,Thuộc trang phục,Giới tính,Nguồn gốc & đặc điểm,Đặc trưng nhận diện (mã nguồn),Thành phần cố định,Phụ kiện truyền thống,Biến thể remix,Mức phong cách tối đa,Chọn được trong app,Hiển thị,Mã nguồn,Trạng thái kiểm chứng,Ghi chú
ao_ngu_than,Áo ngũ thân,,"Nam, nữ","Võ vương Nguyễn Phúc Khoát được xem là người cải cách trang phục Đàng Trong từ năm 1744 và khai sinh áo ngũ thân; vua Minh Mạng phổ biến và nâng tầm thành quốc phục. Kết cấu 5 thân: hai thân trước, hai thân sau, một thân con. Cổ đứng, 5 khuy, xẻ tà hai bên từ eo; áo nữ dài quá bắp chân hoặc tới mắt cá, áo nam dài qua gối 5–10 cm. Thời Nguyễn, áo lập lĩnh ngũ thân tay chẽn phổ biến nhất vì cả quý tộc lẫn thường dân đều mặc được.","Cổ đứng (S23), Năm thân, có thân con (S23), Xẻ tà hai bên từ eo (S23), Năm khuy (S23)",Quần ống rộng,"Khăn vấn, Khăn đóng, Khăn xếp, Ô (liền anh), Nón lá, Guốc",,Remix Gen Z,Có,Có,"S1, S23, S3",Đã có nguồn,"Đã gộp ""áo dài khăn đóng"" vào đây"
ao_tac,Áo tấc (biến thể tay rộng),Áo ngũ thân,"Nam, nữ","Áo ngũ thân tay rộng dùng trong các buổi lễ, còn gọi là áo lễ. Thời Nguyễn, cả nam lẫn nữ mặc áo tấc trong các dịp trang trọng.","Tay áo rộng (S23), Dáng ngũ thân (S23)",Quần ống rộng,"Khăn vấn, Khăn đóng",,Cách tân nhẹ,Có,Có,"S23, S9",Đã có nguồn,Chuyển thành biến thể của áo ngũ thân. Gợi ý chính cho người dùng nam ở bối cảnh lễ
ngu_than_y_nghia,Ý nghĩa 5 thân,Áo ngũ thân,,"Bốn thân tượng trưng cho tứ thân phụ mẫu, thân con nhỏ nằm trong tượng trưng cho người mặc.",,,,,,Không (hiện trong thẻ văn hóa của áo cha),Có,S4,Giải thích phổ biến,"Trong app ghi rõ là ""cách giải thích phổ biến"""
ngu_than_tranh_luan,Tranh luận về nguồn gốc,Áo ngũ thân,,"Theo Phủ biên tạp lục (Lê Quý Đôn), năm 1744 Nguyễn Phúc Khoát lấy thể chế áo mũ trong Tam tài đồ hội làm kiểu mới và ra lệnh cho trai gái Thuận, Quảng đổi cách ăn mặc. Nhà nghiên cứu Trịnh Bách cho rằng việc coi chúa là người tạo ra áo năm thân chỉ là suy luận từ đoạn này, và lập luận áo năm thân đã hình thành sớm hơn.",,,,,,Không (hiện trong thẻ văn hóa của áo cha),Có,S22,Có tranh luận học thuật,"Trong app nên viết ""thường được cho là"" thay vì khẳng định tuyệt đối"
ao_dai_hien_dai,Áo dài hiện đại,,Nữ (có bản nam),"Thập niên 1930 nổi lên áo dài Le Mur (họa sĩ Cát Tường) và áo dài Lê Phổ, mở đầu trào lưu cách tân. Mẫu Lemur được công bố trên báo Phong Hóa năm 1934. Cát Tường rút áo tứ thân, ngũ thân lại chỉ còn hai vạt trước và sau.","Hai vạt trước và sau (S7), Tay raglan (S28), Xẻ tà cao (chưa có nguồn)",Quần dài,"Khăn vấn, Nón lá, Guốc","Tay lỡ, Tà ngắn qua gối",Remix Gen Z,Có,Có,"S5, S6, S7",Đã có nguồn,
ao_dai_raglan,Tay raglan,Áo dài hiện đại,,"Kiểu tay do một thợ may tên Dũng ở Đa Kao (Sài Gòn) đưa ra. Đường ráp tay và thân ở nách, vai giúp áo hết nhăn. Một nghiên cứu năm 2015 mô tả tay áo dài là tay raglan liền một mảnh, cho thấy đây là kiểu tay chuẩn hiện nay.",,,,,,Không (hiện trong thẻ văn hóa của áo cha),Có,"S26, S27, S28",Đã có nguồn,"Mốc thời gian chưa thống nhất: VietNamNet ghi đầu thập niên 1960, Saigoneer chỉ nói ""vài năm sau"" Cát Tường. Trong app ghi ""khoảng thập niên 1960"""
ao_tu_than,Áo tứ thân,,Nữ,"Trang phục của phụ nữ nông thôn Bắc Bộ, mặc với váy và yếm; không có khuy cài, mở dọc ở giữa hai vạt trước. Hai vạt trước buộc lại bằng thắt lưng lụa màu (theo Bảo tàng Phụ nữ Việt Nam).","Hai vạt trước buộc lại, không khuy (S22, S11), Mặc với yếm và váy (S22)","Yếm, Váy","Nón quai thao, Khăn mỏ quạ, Thắt lưng lụa",Yếm mặc như áo (yếm remix),Remix Gen Z,Có,Có,"S22, S11",Đã có nguồn,Đã thay nguồn Wikipedia bằng S22
yem,Yếm,Áo tứ thân,Nữ,"Trong trang phục cô gái quan họ, yếm là áo lót mặc bên trong áo cánh hoặc áo tứ thân.",,,,,,Không (hiện trong thẻ văn hóa của áo cha),Có,S12,Đã có nguồn,Cơ sở cho quy tắc cảnh báo W1
ao_mo_ba_mo_bay,Áo mớ ba mớ bảy (quan họ),Áo tứ thân,Nữ,"Trang phục liền chị quan họ: mặc ba (mớ ba) hoặc bảy (mớ bảy) lớp áo dài năm thân lồng nhau, bên trong là yếm.",Nhiều lớp áo năm thân lồng nhau (S20),"Yếm, Váy","Nón quai thao, Khăn mỏ quạ, Thắt lưng lụa",,Truyền thống,Có,Có,"S20, S19",Cần kiểm chứng,"Mới thêm. Nguồn hiện là phổ thông, nên tìm thêm nguồn từ Nhà hát Dân ca Quan họ Bắc Ninh"
ao_nhat_binh,Áo nhật bình,,Nữ,"Thuộc hệ thống trang phục cung đình của hậu phi triều Nguyễn: thường triều cho hoàng thái hậu, hoàng hậu, công chúa; triều phục cho cung tần bậc cao. Mỗi phẩm vị có tiêu chí riêng về chất liệu, màu sắc, cách may, họa tiết.",Cổ áo và họa tiết theo phẩm vị (S13),Váy hoặc quần theo bộ phục dựng,"Khăn vấn, Trang sức cài đầu",,Cách tân nhẹ,Có,Có,"S13, S9",Đã có nguồn,"Không viết tuyệt đối ""màu vàng / rồng 5 móng chỉ dành cho vua"" khi chưa có nguồn cụ thể"
ao_giao_linh,Áo giao lĩnh,,"Nam, nữ","Áo cổ chéo, có trong trang phục cả nam và nữ thời Lê sơ; được điều chỉnh với nhiều chi tiết bản địa. Các nhóm phục dựng giới thiệu áo giao lĩnh từ cung đình đến dân gian thời Lê Trung Hưng. Về sau dần mai một vì bị xem là quá giống trang phục Trung Hoa.",Cổ chéo (S25),Theo bộ phục dựng,,,Cách tân nhẹ,Có,Có,"S25, S16",Đã có nguồn,"Đã bỏ nguồn Wikipedia. Chi tiết ""triều đình chúa Trịnh mặc giao lĩnh với váy dài"" chỉ có S15 nên chưa đưa vào app. Dễ nhầm với Hán phục/Hanbok: cần hình mẫu có nguồn"
ao_ba_ba,Áo bà ba,,"Nam, nữ","Trang phục lao động của người Việt Tây Nam Bộ, cả nam và nữ đều mặc. Bản lao động thường màu đen hoặc nâu, nhuộm tự nhiên (lá bàng, vỏ trâm bầu, trái mặc nưa), may bằng vải nhanh khô như vải gai, vải ú, vải sơn đầm; lụa tơ tằm dùng cho áo mặc đi chơi. Bản hiện đại dùng màu tươi sáng hoặc pastel, chất liệu cotton, voan, ren, gấm.","Áo ngắn, xẻ hai bên hông (S30), Dáng thoải mái để lao động (S24)",Quần lụa hoặc satin đen/trắng,"Nón lá, Khăn rằn",,Remix Gen Z,Có,Có,"S24, S11, S17, S30",Đã có nguồn,Đã bổ sung nguồn học thuật S24
lanh_my_a,Quần lãnh Mỹ A,Áo bà ba,,"Lãnh Mỹ A là lụa tơ tằm màu đen huyền của làng lụa Tân Châu (An Giang), nhuộm bằng trái mặc nưa. Chưa tìm thấy nguồn xác nhận đây là kết hợp truyền thống với áo bà ba.",,,,,,Không (hiện trong thẻ văn hóa của áo cha),Không,S29,Không tìm thấy nguồn,"Không hiển thị như quy tắc truyền thống. Có thể dùng làm ""gợi ý chất liệu địa phương"""
