ID,Bối cảnh,Thời điểm,Trang phục nữ,Trang phục nam,Nhu cầu người dùng,Lưu ý văn hóa,Mức phong cách tối đa,Mã cảnh báo,Màu gợi ý,Nguồn bảng màu,Trạng thái bảng màu,Ghi chú bảng màu
tet,Tết Nguyên Đán,Tháng 1–2 dương lịch,"Áo dài hiện đại, Áo ngũ thân","Áo ngũ thân, Áo tấc (biến thể tay rộng)","Đẹp khi chụp ảnh; màu may mắn (đỏ, vàng, hồng); đủ ấm khi trời lạnh ở miền Bắc; đồng bộ gia đình hoặc nhóm bạn",Tránh trang phục toàn trắng hoặc toàn đen khi đi chúc Tết. Đi chùa đầu năm cần kín đáo.,Cách tân nhẹ,"W3, W2","Đỏ son (#B8322A), Vàng nghệ (#E0A526), Hồng đào (#E79CA4), Xanh ngọc (#2E8A7C), Kem (#F2E6CF)",,Gợi ý thẩm mỹ,Màu may mắn theo cách hiểu phổ biến
tot_nghiep,"Lễ tốt nghiệp, chụp kỷ yếu",Mùa hè hoặc theo lịch trường,"Áo dài hiện đại, Áo ngũ thân",Áo ngũ thân,Đồng bộ cả lớp nhưng vẫn có cá tính; mặc được bên trong lễ phục tốt nghiệp; thoải mái cả ngày,"Nếu cách tân (tay lỡ, phối sneaker) thì giữ dáng áo và tà áo đặc trưng.",Remix Gen Z,W7,"Trắng ngà (#F6F1E7), Xanh da trời pastel (#A8C5E6), Hồng phấn (#F3C6CF), Be (#D8C2A3)",,Gợi ý thẩm mỹ,
quan_ho,"Lễ hội làng, quan họ Bắc Bộ","Mùa xuân, tháng Giêng âm lịch (ví dụ Hội Lim)","Áo tứ thân, Áo mớ ba mớ bảy (quan họ)",Áo ngũ thân,"Biết mặc đúng bộ (yếm, váy, thắt lưng, khăn mỏ quạ, nón quai thao); thuê đồ ở đâu; cách thắt khăn. Nam: liền anh mặc áo cánh bên trong, áo dài năm thân bên ngoài, đội khăn xếp, cầm ô","Mặc đầy đủ và trang nhã ở không gian lễ hội, đình làng. Không dùng yếm biến tấu thay áo ở bối cảnh này.",Truyền thống,"W1, W2","Nâu non (#8A5D3B), Đỏ thắm (#A8243A), Xanh hồ thủy (#4B7D8D), Đen (#262626)",S12,Đã có nguồn một phần,Yếm đỏ thắm có nguồn S12; các màu còn lại là gợi ý
hue,"Huế, Đại Nội, Festival Huế",Quanh năm; Festival Huế,"Áo nhật bình, Áo ngũ thân, Áo dài hiện đại","Áo ngũ thân, Áo tấc (biến thể tay rộng)",Chụp ảnh cổ phong; thuê trang phục; hiểu ý nghĩa trang phục cung đình,"Giải thích rõ nhật bình là trang phục cung đình. Màu sắc và họa tiết được quy định theo phẩm vị, tránh gán sai ý nghĩa.",Cách tân nhẹ,"W5, W6","Tím Huế (#5E3F73), Xanh lam (#2F5C8A), Trắng ngà (#F6F1E7), Hồng sen (#D7899C)",,Gợi ý thẩm mỹ,Không gợi ý màu vàng kèm họa tiết rồng (W5)
mien_tay,"Miền Tây: chợ nổi, đờn ca tài tử, du lịch sông nước",Quanh năm,Áo bà ba,Áo bà ba,"Thoáng mát cho khí hậu nóng ẩm; chống nắng (nón lá, khăn rằn); dễ di chuyển trên ghe","Áo bà ba gắn với đời sống lao động, dân dã. Khi remix nên giữ tinh thần giản dị.",Remix Gen Z,W7,"Đen (#262626), Nâu (#6A4A34), Xanh lá mạ (#8BBE68), Vàng chanh (#F1D36A), Hồng phấn (#F3C6CF)",S24,Đã có nguồn,"Đen, nâu: bản lao động; tươi sáng, pastel: bản hiện đại"
dam_cuoi,"Đám cưới, ăn hỏi (bê tráp, phù dâu, khách mời)",Theo mùa cưới,"Áo dài hiện đại, Áo ngũ thân","Áo ngũ thân, Áo tấc (biến thể tay rộng)",Đồng bộ màu cả đội bê tráp; không lấn át cô dâu chú rể; hợp phong tục gia đình,"Khách mời tránh trùng màu hoặc kiểu với cô dâu. Tránh màu tang (toàn trắng, đen).",Cách tân nhẹ,"W3, W4","Đỏ son (#B8322A), Hồng đào (#E79CA4), Vàng nghệ (#E0A526), Xanh ngọc (#2E8A7C)",,Gợi ý thẩm mỹ,Tránh toàn trắng hoặc toàn đen (W3)
dinh_chua,"Lễ ở đình, chùa, giỗ Tổ",Theo lịch lễ,"Áo dài hiện đại, Áo ngũ thân","Áo ngũ thân, Áo tấc (biến thể tay rộng)","Trang nghiêm, kín đáo, phù hợp nghi lễ","Không mặc kiểu cách tân hở hoặc xuyên thấu, không dùng yếm thay áo. Hạn chế màu quá sặc sỡ.",Truyền thống,"W1, W2","Be (#D8C2A3), Nâu (#6A4A34), Xanh rêu (#5E6E50), Xanh lam (#2F5C8A)",,Gợi ý thẩm mỹ,Màu trang nhã
ngay_hoi_truong,"Ngày hội văn hóa ở trường, thuyết trình",Theo lịch trường,"Áo giao lĩnh, Áo ngũ thân, Áo tứ thân, Áo nhật bình","Áo giao lĩnh, Áo ngũ thân, Áo tấc (biến thể tay rộng)",Thông tin chính xác để thuyết trình; phân biệt các loại áo; gợi ý trang phục cho cả nhóm,"Áo giao lĩnh và nhật bình dễ bị nhầm với Hán phục hoặc Hanbok, cần hình mẫu và nguồn rõ ràng.",Truyền thống,W6,"Đỏ son (#B8322A), Xanh lam (#2F5C8A), Nâu non (#8A5D3B), Be (#D8C2A3)",,Gợi ý thẩm mỹ,
dao_pho,"Dạo phố, chụp ảnh hằng ngày (phố cổ Hà Nội, Hội An…)",Quanh năm,"Áo dài hiện đại, Áo ngũ thân, Áo bà ba","Áo ngũ thân, Áo bà ba","Phối kiểu Gen Z với jeans, sneaker, túi tote; thoải mái và không ""lố""","Bối cảnh phù hợp nhất cho Remix Gen Z, nhưng vẫn giữ ít nhất một đặc trưng nhận diện (dáng áo, tà, cổ áo).",Remix Gen Z,W7,"Hồng phấn (#F3C6CF), Xanh da trời pastel (#A8C5E6), Kem (#F2E6CF), Xanh denim (#4A6A8F), Đen (#262626)",,Gợi ý thẩm mỹ,
quoc_te,"Giao lưu quốc tế, du học, đại diện Việt Nam",Theo sự kiện,"Áo dài hiện đại, Áo ngũ thân","Áo ngũ thân, Áo tấc (biến thể tay rộng)","Trang trọng, dễ mặc và di chuyển; có lời giới thiệu ngắn bằng tiếng Anh",Ưu tiên bản truyền thống hoặc cách tân nhẹ vì người mặc đang đại diện cho văn hóa.,Cách tân nhẹ,W2,"Đỏ son (#B8322A), Trắng ngà (#F6F1E7), Xanh navy (#23395B), Vàng nghệ (#E0A526)",,Gợi ý thẩm mỹ,
