ID,Tên màu,Mã hex,Nhóm (dùng cho cảnh báo W3)
do_son,Đỏ son,#B8322A,
vang_nghe,Vàng nghệ,#E0A526,
hong_dao,Hồng đào,#E79CA4,
xanh_ngoc,Xanh ngọc,#2E8A7C,
kem,Kem,#F2E6CF,
trang_nga,Trắng ngà,#F6F1E7,Trắng
trang,Trắng,#FFFFFF,Trắng
den,Đen,#262626,Đen
xanh_pastel,Xanh da trời pastel,#A8C5E6,
hong_phan,Hồng phấn,#F3C6CF,
be,Be,#D8C2A3,
nau_non,Nâu non,#8A5D3B,
do_tham,Đỏ thắm,#A8243A,
xanh_ho_thuy,Xanh hồ thủy,#4B7D8D,
tim_hue,Tím Huế,#5E3F73,
xanh_lam,Xanh lam,#2F5C8A,
hong_sen,Hồng sen,#D7899C,
nau,Nâu,#6A4A34,
xanh_la_ma,Xanh lá mạ,#8BBE68,
vang_chanh,Vàng chanh,#F1D36A,
xanh_reu,Xanh rêu,#5E6E50,
xanh_navy,Xanh navy,#23395B,
denim,Xanh denim,#4A6A8F,
