Mã,Nguồn,Loại,Link,Ghi chú
S1,"Phan Thanh Hải – Từ cải cách trang phục dưới thời Võ vương Nguyễn Phúc Khoát và vua Minh Mạng… (Nghiên cứu và Phát triển, 2021)",Học thuật,https://vjol.info.vn/ncpt-hue/article/view/54472,
S2,Tatler Asia – Áo dài qua các thời kỳ,Báo chí,https://www.tatlerasia.com/style/fashion/legacy-50-vietnam-ao-dai-over-time-vn,
S3,Báo Lào Cai – Cổ phục Việt xuất ngoại,Báo chí,https://baolaocai.vn/co-phuc-viet-xuat-ngoai-post377664.html,
S4,Báo Pháp Luật – Sự trở lại ngoạn mục của áo dài ngũ thân,Báo chí,https://baophapluat.vn/su-tro-lai-ngoan-muc-cua-ao-dai-ngu-than-post384250.html,
S5,ĐH KHXH&NV TP.HCM – Tài liệu về lịch sử áo dài,Học thuật,https://hcmussh.edu.vn/static/document/13110.pdf,
S6,"Báo Pháp Luật – Áo dài, 'tấm hộ chiếu' văn hóa Việt",Báo chí,https://baophapluat.vn/ao-dai-tam-ho-chieu-van-hoa-viet.html,
S7,Tạp chí Công Thương – Trăm năm biến tấu áo dài Việt Nam,Báo chí,https://tapchicongthuong.vn/tram-nam-bien-tau-ao-dai-viet-nam-44643.htm,
S8,Hoatieu – Thuyết minh về chiếc áo dài,Phổ thông,https://hoatieu.vn/thuyet-minh-ve-chiec-ao-dai-viet-nam-204591,Đã thay bằng S26–S28. Giữ lại làm ví dụ thông tin sai lệch (xem tab Phát hiện)
S9,"VietNamNet – Tôn vinh văn hóa Việt qua cổ phục Nhật Bình, áo Tấc",Báo chí,https://vietnamnet.vn/miss-mister-vltk-15-ton-vinh-van-hoa-viet-qua-co-phuc-nhat-binh-ao-tac-ig40896.html,
S10,Wikipedia – Áo tứ thân,Phổ thông,https://en.wikipedia.org/wiki/%C3%81o_t%E1%BB%A9_th%C3%A2n,Đã thay bằng S22
S11,VOV5 – Traditional clothes of Viet women (phỏng vấn Bảo tàng Phụ nữ Việt Nam),Báo chí / Bảo tàng,https://vov5.vov.gov.vn/colorful-vietnam-vietnams-54-ethnic-groups/traditional-clothes-of-viet-women-1122288.vov5,
S12,Báo Văn Hóa – Vẻ đẹp của yếm đào,Báo chí,https://baovanhoa.vn/van-hoa-va-thoi-luan/ve-dep-cua-yem-dao-84215.html,
S13,Tạp chí Văn hóa Nghệ thuật – Áo Nhật Bình của Đoan Huy Hoàng thái hậu,Học thuật,https://vjol.info.vn/tcvanhoanghethuat/article/download/138715/113380/,
S14,Wikipedia – Áo giao lĩnh,Phổ thông,https://en.wikipedia.org/wiki/%C3%81o_giao_l%C4%A9nh,"Đã thay bằng S25, S16"
S15,Wikipedia – Áo dài,Phổ thông,https://www.wikipedia.org/wiki/Ao_Dai,Chỉ còn hỗ trợ một chi tiết chưa đưa vào app
S16,Báo Pháp Luật – 'Việt Cẩm Y Văn': Bản sắc Việt trong cổ phục thời Lê Trung Hưng (nhóm Đại Việt Phong Hoa),Báo chí / Nhóm nghiên cứu,https://baophapluat.vn/viet-cam-y-van-ban-sac-viet-trong-co-phuc-thoi-le-trung-hung.html,
S17,Vietnam Tourism – Vietnam national costume male and female,Phổ thông,https://www.vietnamtourism.com/en/vietnam-national-costume-male-and-female-a-complete-traveler-s-guide,
S18,VNA – Fashion show honors southern women's traditional attire,Báo chí,https://vietnam.vnanet.vn/english/fashion-show-honors-southern-womens-traditional-attire/417727.html,
S19,VinWonders – Quan họ Bắc Ninh,Phổ thông,https://vinwonders.com/vi/wonderpedia/news/quan-ho-bac-ninh/,
S20,Lời giải hay – Trang phục quan họ (áo mớ ba mớ bảy),Phổ thông,https://loigiaihay.com/qua-van-ban-ca-hue-hay-neu-mot-hoat-dong-ca-nhac-truyen-thong-cua-que-huong-em-a108985.html,Nên tìm thêm nguồn từ Nhà hát Dân ca Quan họ Bắc Ninh
S21,Diễn đàn Doanh nghiệp – Trình diễn áo dài cổ phục Việt,Báo chí,https://diendandoanhnghiep.vn/ngay-hoi-di-san-van-hoa-viet-nam-trinh-dien-ao-dai-co-phuc-viet-234829.html,
S22,"Trịnh Bách – Nguồn gốc áo dài Việt Nam (Nghiên cứu và Phát triển, số 7(161), 2020)",Học thuật,https://vjol.info.vn/ncpt-hue/article/download/54470/45091/,Mới
S23,"Hoàng Diễn Thanh – Giá trị thẩm mỹ và bản sắc văn hóa của áo Ngũ Thân từ góc nhìn thời trang hiện đại (Tạp chí Nghệ thuật, số 60/2026)",Học thuật,https://vjol.info.vn/tcgiaoducnghethuat/vi/article/download/255724/229033/404990,Mới
S24,"Châu Thúy An – Áo bà ba xưa và nay: Vẻ đẹp trường tồn của văn hoá trang phục người Việt Tây Nam Bộ (Tạp chí Văn hóa, số 55, 2025)",Học thuật,https://vjol.info.vn/tcgiaoducnghethuat/article/download/137388/112291/,Mới
S25,"Weaving a Realm (Vietnam Centre / Comicola, 2019) – qua bài điểm sách trên EXARC",Sách chuyên khảo,https://exarc.net/ark:/88735/10569,Mới. Nên đọc trực tiếp sách nếu có thể
S26,Saigoneer – A Brief History of the Áo Dài,Báo chí,https://www.saigoneer.com/saigon-culture/2633-a-brief-history-of-the-ao-dai,Mới
S27,VietNamNet – Evolution of the ao dai,Báo chí,https://vietnamnet.vn/en/evolution-of-the-ao-dai-E89288.html,Mới
S28,"Zhang, Ngo & Wang – Optimizing Sleeves Pattern for Vietnamese Airlines Stewardess Uniform – Ao Dai (ICCSE 2015, Atlantis Press)",Học thuật,https://atlantis-press.com/proceedings/iccse-15/25887,Mới
S29,Pháp Luật TP.HCM – Chật vật giữ hồn lãnh Mỹ A,Báo chí,https://plo.vn/chat-vat-giu-hon-lanh-my-a-post446555.html,Mới
S30,"Mekong Delta Tours – Ao ba ba, casual wear in South Vietnam",Phổ thông,https://www.mekong-delta-tours.com/travel-guide/ao-ba-ba-casual-wear-in-south-vietnam.html,Mới
